average_reward,std_reward,average_length,average_score,std_length,max_reward,min_reward
51.25240000000053,28.547651711481148,389.38,20.42,216.59158709423596,118.19000000000212,-0.05999999999999994
