average_reward,std_reward,average_length,std_length,max_reward,min_reward
50.01780000000048,23.288810127613253,380.88,178.1845829470103,116.65000000000192,9.099999999999994
